r2,mae,mse,rmse
0.45529105479080434,1.4875400000000005,14.038926479666676,3.7468555456097685
