,count,mean,std,min,25%,50%,75%,max
Year,301.0,2013.6279069767443,2.891554127336687,2003.0,2012.0,2014.0,2016.0,2018.0
Selling_Price,301.0,4.661295681063123,5.082811556177803,0.1,0.9,3.6,6.0,35.0
Present_Price,301.0,7.628471760797343,8.642584359825474,0.32,1.2,6.4,9.9,92.6
Driven_kms,301.0,36947.20598006644,38886.88388206788,500.0,15000.0,32000.0,48767.0,500000.0
Owner,301.0,0.04318936877076412,0.2479148926949197,0.0,0.0,0.0,0.0,3.0
