r2,mae,mse,rmse,mape
0.45529105479080434,1.4875400000000008,14.038926479666676,3.7468555456097685,40.10242866476826
