r2,mae,mse
0.45529105479080434,1.4875400000000012,14.038926479666678
